,Y_bit,param_C,param_solver,Y_bit_pct,mean_test_score,precision,accuracy,recall,f1,std_test_score,split0_test_score,split1_test_score,split2_test_score,split3_test_score,mean_fit_time,std_fit_time,mean_score_time,std_score_time,params,random_seed
0,0,0.025,lbfgs,0.5118290043290044,0.5584311013877199,0.5180943214629451,0.5307936507936508,0.8560750636132316,0.6455210456889314,0.0,0.0,0.0,0.0,0.0,0.0,0.0,0.0,0.0,none,6666
1,1,0.025,lbfgs,0.8411688311688311,0.5440302376640017,0.8391708363116511,0.8388095238095238,0.9994324631101021,0.9123170573759877,0.0,0.0,0.0,0.0,0.0,0.0,0.0,0.0,0.0,none,6666
2,2,0.025,lbfgs,0.8415259740259741,0.6090809630741398,0.8447426937738246,0.8442857142857143,0.9993423524990604,0.9155620588741608,0.0,0.0,0.0,0.0,0.0,0.0,0.0,0.0,0.0,none,6666
4,4,0.025,lbfgs,0.530487012987013,0.5437493356204646,0.5256366723259762,0.5274603174603174,0.9441903019213175,0.6753190097066201,0.0,0.0,0.0,0.0,0.0,0.0,0.0,0.0,0.0,none,6666
5,5,0.025,lbfgs,0.8204329004329004,0.5597005580509051,0.8122468429830831,0.8121428571428572,0.9997067448680352,0.8962797423425792,0.0,0.0,0.0,0.0,0.0,0.0,0.0,0.0,0.0,none,6666
6,6,0.025,lbfgs,0.8126623376623376,0.5339519679072264,0.81,0.81,1.0,0.8950276243093923,0.0,0.0,0.0,0.0,0.0,0.0,0.0,0.0,0.0,none,6666
8,8,0.025,lbfgs,0.7158874458874459,0.5999662557804383,0.7178650970410436,0.7171428571428572,0.9981198849811989,0.8351068751734988,0.0,0.0,0.0,0.0,0.0,0.0,0.0,0.0,0.0,none,6666
9,9,0.025,lbfgs,0.8390692640692641,0.626605288555864,0.8414362885287575,0.8407936507936508,0.9990567817392945,0.9134971970677016,0.0,0.0,0.0,0.0,0.0,0.0,0.0,0.0,0.0,none,6666
13,13,0.025,lbfgs,0.24607142857142858,0.6177135010020559,0.6219512195121951,0.7606349206349207,0.016798418972332016,0.032713277742142395,0.0,0.0,0.0,0.0,0.0,0.0,0.0,0.0,0.0,none,6666
16,16,0.025,lbfgs,0.38626623376623376,0.5976770969825086,0.6405990016638935,0.6305555555555555,0.07980928689883914,0.14193548387096772,0.0,0.0,0.0,0.0,0.0,0.0,0.0,0.0,0.0,none,6666
17,17,0.025,lbfgs,0.6521103896103896,0.6355644795653119,0.6518951383816248,0.648015873015873,0.9821472242602103,0.7836479828284305,0.0,0.0,0.0,0.0,0.0,0.0,0.0,0.0,0.0,none,6666
18,18,0.025,lbfgs,0.6203030303030304,0.5473388461355898,0.6202129350071508,0.6199206349206349,0.9988483685220729,0.765256605068379,0.0,0.0,0.0,0.0,0.0,0.0,0.0,0.0,0.0,none,6666
19,19,0.025,lbfgs,0.7867965367965368,0.5603710472747743,0.7727381046945746,0.7726190476190476,0.9995889847924373,0.8716455355942835,0.0,0.0,0.0,0.0,0.0,0.0,0.0,0.0,0.0,none,6666
20,20,0.025,lbfgs,0.6038203463203463,0.561451099562777,0.6053950823585581,0.6052380952380952,0.9980322707595435,0.7536404160475483,0.0,0.0,0.0,0.0,0.0,0.0,0.0,0.0,0.0,none,6666
21,21,0.025,lbfgs,0.8072402597402597,0.6276173075251665,0.803860819828408,0.8033333333333333,0.9991113744075829,0.8909138932910724,0.0,0.0,0.0,0.0,0.0,0.0,0.0,0.0,0.0,none,6666
22,22,0.025,lbfgs,0.398495670995671,0.5949930696493587,0.6620583717357911,0.6212698412698413,0.08649407987156331,0.15299964501242455,0.0,0.0,0.0,0.0,0.0,0.0,0.0,0.0,0.0,none,6666
23,23,0.025,lbfgs,0.6419047619047619,0.6366250470087536,0.6461715035251681,0.6415873015873016,0.9752536500866122,0.7773175542406312,0.0,0.0,0.0,0.0,0.0,0.0,0.0,0.0,0.0,none,6666
26,26,0.025,lbfgs,0.13135281385281386,0.6055657698189182,0.42105263157894735,0.8783333333333333,0.00522875816993464,0.010329244673983216,0.0,0.0,0.0,0.0,0.0,0.0,0.0,0.0,0.0,none,6666
27,27,0.025,lbfgs,0.2030952380952381,0.6075298628723121,0.7323943661971831,0.805952380952381,0.020984665052461663,0.04080031384856807,0.0,0.0,0.0,0.0,0.0,0.0,0.0,0.0,0.0,none,6666
30,30,0.025,lbfgs,0.17681818181818182,0.5668227017611116,0.0,0.827936507936508,0.0,0.0,0.0,0.0,0.0,0.0,0.0,0.0,0.0,0.0,0.0,none,6666
31,31,0.025,lbfgs,0.3789935064935065,0.5808975759872371,0.5617529880478087,0.6329365079365079,0.030283505154639175,0.05746892194823721,0.0,0.0,0.0,0.0,0.0,0.0,0.0,0.0,0.0,none,6666
32,32,0.025,lbfgs,0.634469696969697,0.5420823704959152,0.6372813990461049,0.636984126984127,0.9986297957149975,0.7780473602484472,0.0,0.0,0.0,0.0,0.0,0.0,0.0,0.0,0.0,none,6666
33,33,0.025,lbfgs,0.7717316017316017,0.5506283916878829,0.760997300301731,0.7610317460317461,0.9998956703182055,0.8642409486451146,0.0,0.0,0.0,0.0,0.0,0.0,0.0,0.0,0.0,none,6666
34,34,0.025,lbfgs,0.4414502164502164,0.5671272535072334,0.5604938271604938,0.568968253968254,0.08211249773919334,0.14324025871588578,0.0,0.0,0.0,0.0,0.0,0.0,0.0,0.0,0.0,none,6666
35,35,0.025,lbfgs,0.6764393939393939,0.5570742813586507,0.6591685875526587,0.6588095238095238,0.9986753371868978,0.794158486952358,0.0,0.0,0.0,0.0,0.0,0.0,0.0,0.0,0.0,none,6666
39,39,0.025,lbfgs,0.18794372294372294,0.6189200845230414,0.6666666666666666,0.8181746031746032,0.013870827915041179,0.027176220806794056,0.0,0.0,0.0,0.0,0.0,0.0,0.0,0.0,0.0,none,6666
42,42,0.025,lbfgs,0.5760822510822511,0.5581323046356641,0.5856233378999114,0.5843650793650793,0.9870958978538441,0.735117090688382,0.0,0.0,0.0,0.0,0.0,0.0,0.0,0.0,0.0,none,6666
43,43,0.025,lbfgs,0.6164935064935065,0.5789101418580181,0.6241117764471058,0.6226984126984128,0.9941498155920132,0.7668236217382774,0.0,0.0,0.0,0.0,0.0,0.0,0.0,0.0,0.0,none,6666
44,44,0.025,lbfgs,0.33666666666666667,0.578314055500845,0.616580310880829,0.659047619047619,0.027413038470398526,0.05249228054697839,0.0,0.0,0.0,0.0,0.0,0.0,0.0,0.0,0.0,none,6666
45,45,0.025,lbfgs,0.6432575757575758,0.6124130307637546,0.6496763754045307,0.646984126984127,0.9855179185076093,0.7831090306221963,0.0,0.0,0.0,0.0,0.0,0.0,0.0,0.0,0.0,none,6666
48,48,0.025,lbfgs,0.16137445887445886,0.6033122908012516,0.47058823529411764,0.8462698412698413,0.008268733850129198,0.016251904520060943,0.0,0.0,0.0,0.0,0.0,0.0,0.0,0.0,0.0,none,6666
49,49,0.025,lbfgs,0.19795454545454547,0.6215032417450688,0.7377049180327869,0.808968253968254,0.01847290640394089,0.03604325190228275,0.0,0.0,0.0,0.0,0.0,0.0,0.0,0.0,0.0,none,6666
52,52,0.025,lbfgs,0.10132034632034632,0.6250450516316174,0.3,0.9003968253968254,0.002398081534772182,0.004758128469468675,0.0,0.0,0.0,0.0,0.0,0.0,0.0,0.0,0.0,none,6666
53,53,0.025,lbfgs,0.34945887445887447,0.6343324224276605,0.5886524822695035,0.6599206349206349,0.09410430839002268,0.16226783968719452,0.0,0.0,0.0,0.0,0.0,0.0,0.0,0.0,0.0,none,6666
57,57,0.025,lbfgs,0.1566991341991342,0.5878039747206506,0.5897435897435898,0.8476984126984127,0.011941848390446522,0.02340966921119593,0.0,0.0,0.0,0.0,0.0,0.0,0.0,0.0,0.0,none,6666
78,78,0.025,lbfgs,0.4033333333333333,0.5601895181039758,0.38461538461538464,0.606904761904762,0.002021427127552052,0.00402171727327569,0.0,0.0,0.0,0.0,0.0,0.0,0.0,0.0,0.0,none,6666
79,79,0.025,lbfgs,0.3228896103896104,0.5351962691976956,0.45454545454545453,0.6877777777777778,0.005089058524173028,0.010065425264217415,0.0,0.0,0.0,0.0,0.0,0.0,0.0,0.0,0.0,none,6666
80,80,0.025,lbfgs,0.2691341991341991,0.5551715770970892,0.5,0.7342857142857143,0.0005973715651135006,0.0011933174224343674,0.0,0.0,0.0,0.0,0.0,0.0,0.0,0.0,0.0,none,6666
83,83,0.025,lbfgs,0.3522727272727273,0.5355748638860711,0.3076923076923077,0.6579365079365079,0.0009291521486643438,0.0018527095877721167,0.0,0.0,0.0,0.0,0.0,0.0,0.0,0.0,0.0,none,6666
84,84,0.025,lbfgs,0.37942640692640694,0.5497189062384704,0.5980392156862745,0.6201587301587301,0.012692467748647523,0.024857375713121434,0.0,0.0,0.0,0.0,0.0,0.0,0.0,0.0,0.0,none,6666
86,86,0.025,lbfgs,0.6182251082251082,0.5523770864693736,0.6203221411972113,0.6183333333333333,0.9909114183307731,0.7629983736632006,0.0,0.0,0.0,0.0,0.0,0.0,0.0,0.0,0.0,none,6666
87,87,0.025,lbfgs,0.5289935064935065,0.5546365257378297,0.5291941160545077,0.5337301587301587,0.8991107022385771,0.6662500710106232,0.0,0.0,0.0,0.0,0.0,0.0,0.0,0.0,0.0,none,6666
91,91,0.025,lbfgs,0.3256926406926407,0.5546338276138812,0.0,0.6846825396825397,0.0,0.0,0.0,0.0,0.0,0.0,0.0,0.0,0.0,0.0,0.0,none,6666
94,94,0.025,lbfgs,0.4367965367965368,0.5535000257201647,0.47101449275362317,0.5701587301587302,0.024074074074074074,0.04580690627202255,0.0,0.0,0.0,0.0,0.0,0.0,0.0,0.0,0.0,none,6666
95,95,0.025,lbfgs,0.3991017316017316,0.5359857716882945,0.5170068027210885,0.6158730158730159,0.01568627450980392,0.03044871794871794,0.0,0.0,0.0,0.0,0.0,0.0,0.0,0.0,0.0,none,6666
96,96,0.025,lbfgs,0.28964285714285715,0.5428403664082557,1.0,0.7141269841269842,0.0002775464890369137,0.0005549389567147614,0.0,0.0,0.0,0.0,0.0,0.0,0.0,0.0,0.0,none,6666
98,98,0.025,lbfgs,0.116504329004329,0.5222747152934804,0.0,0.8838095238095238,0.0,0.0,0.0,0.0,0.0,0.0,0.0,0.0,0.0,0.0,0.0,none,6666
99,99,0.025,lbfgs,0.40095238095238095,0.5399533179052657,0.5588235294117647,0.6065079365079366,0.0038291011688835145,0.007606084867894315,0.0,0.0,0.0,0.0,0.0,0.0,0.0,0.0,0.0,none,6666
100,100,0.025,lbfgs,0.18797619047619046,0.525737057324,0.0,0.7991269841269841,0.0,0.0,0.0,0.0,0.0,0.0,0.0,0.0,0.0,0.0,0.0,none,6666
102,102,0.025,lbfgs,0.6665584415584416,0.5305651591927607,0.6592156550791505,0.6586507936507936,0.9979527938342967,0.7939640718562874,0.0,0.0,0.0,0.0,0.0,0.0,0.0,0.0,0.0,none,6666
103,103,0.025,lbfgs,0.6100541125541126,0.5207046666376144,0.6096,0.6081746031746031,0.9925752246971473,0.7553154581949745,0.0,0.0,0.0,0.0,0.0,0.0,0.0,0.0,0.0,none,6666
104,104,0.025,lbfgs,0.20112554112554112,0.5560085632114444,0.0,0.8016666666666666,0.0,0.0,0.0,0.0,0.0,0.0,0.0,0.0,0.0,0.0,0.0,none,6666
107,107,0.025,lbfgs,0.28933982683982684,0.5392228582587358,0.3333333333333333,0.7217460317460317,0.0005707762557077625,0.0011396011396011395,0.0,0.0,0.0,0.0,0.0,0.0,0.0,0.0,0.0,none,6666
108,108,0.025,lbfgs,0.27570346320346323,0.5505348426676848,0.43478260869565216,0.7223809523809523,0.002861230329041488,0.005685048322910745,0.0,0.0,0.0,0.0,0.0,0.0,0.0,0.0,0.0,none,6666
110,110,0.025,lbfgs,0.5360173160173161,0.5552173472617916,0.5454298887984812,0.544047619047619,0.8937777777777778,0.6774465218123632,0.0,0.0,0.0,0.0,0.0,0.0,0.0,0.0,0.0,none,6666
111,111,0.025,lbfgs,0.4611038961038961,0.5534789473684211,0.5197685631629702,0.5508730158730158,0.09456140350877193,0.1600118747216862,0.0,0.0,0.0,0.0,0.0,0.0,0.0,0.0,0.0,none,6666
127,127,0.025,lbfgs,0.10781385281385282,0.6107266421010445,0.16666666666666666,0.903015873015873,0.0008210180623973727,0.001633986928104575,0.0,0.0,0.0,0.0,0.0,0.0,0.0,0.0,0.0,none,6666
140,140,0.025,lbfgs,0.25755411255411254,0.5903002263486196,0.5408163265306123,0.7420634920634921,0.016267648864333947,0.031585220500595944,0.0,0.0,0.0,0.0,0.0,0.0,0.0,0.0,0.0,none,6666
141,141,0.025,lbfgs,0.5117748917748918,0.6157980516118418,0.5576464983325393,0.5682539682539682,0.730649188514357,0.6325317481761685,0.0,0.0,0.0,0.0,0.0,0.0,0.0,0.0,0.0,none,6666
142,142,0.025,lbfgs,0.18274891774891774,0.5692773843698836,0.4857142857142857,0.8227777777777778,0.0076164874551971325,0.014997794441993825,0.0,0.0,0.0,0.0,0.0,0.0,0.0,0.0,0.0,none,6666
143,143,0.025,lbfgs,0.36557359307359305,0.5817259429917565,0.5720164609053497,0.6534920634920635,0.031583730970234036,0.059862187769164514,0.0,0.0,0.0,0.0,0.0,0.0,0.0,0.0,0.0,none,6666
144,144,0.025,lbfgs,0.2704329004329004,0.5299496802251609,0.0,0.7312698412698413,0.0,0.0,0.0,0.0,0.0,0.0,0.0,0.0,0.0,0.0,0.0,none,6666
146,146,0.025,lbfgs,0.33086580086580086,0.544465116151299,0.5285714285714286,0.6731746031746032,0.008976225133430374,0.017652671755725192,0.0,0.0,0.0,0.0,0.0,0.0,0.0,0.0,0.0,none,6666
147,147,0.025,lbfgs,0.5129329004329004,0.5343176526602375,0.5077568543272515,0.5109523809523809,0.8232874545166904,0.6281231140615571,0.0,0.0,0.0,0.0,0.0,0.0,0.0,0.0,0.0,none,6666
148,148,0.025,lbfgs,0.20097402597402597,0.5507068044735643,0.1,0.7974603174603174,0.00039308176100628933,0.0007830853563038372,0.0,0.0,0.0,0.0,0.0,0.0,0.0,0.0,0.0,none,6666
149,149,0.025,lbfgs,0.3989935064935065,0.5295009570616503,0.45714285714285713,0.615,0.0033003300330033004,0.006553348351423305,0.0,0.0,0.0,0.0,0.0,0.0,0.0,0.0,0.0,none,6666
150,150,0.025,lbfgs,0.43993506493506496,0.5293716365938588,0.5349544072948328,0.558968253968254,0.031541218637992835,0.05957014723303436,0.0,0.0,0.0,0.0,0.0,0.0,0.0,0.0,0.0,none,6666
151,151,0.025,lbfgs,0.5013095238095238,0.5321438707132026,0.5043034281546317,0.518015873015873,0.5637638617090672,0.5323785323785325,0.0,0.0,0.0,0.0,0.0,0.0,0.0,0.0,0.0,none,6666
152,152,0.025,lbfgs,0.10073593073593073,0.5976063132568753,1.0,0.8965873015873016,0.00382262996941896,0.007616146230007615,0.0,0.0,0.0,0.0,0.0,0.0,0.0,0.0,0.0,none,6666
153,153,0.025,lbfgs,0.13004329004329004,0.5893575013677775,0.2608695652173913,0.8641269841269841,0.003527336860670194,0.006960556844547563,0.0,0.0,0.0,0.0,0.0,0.0,0.0,0.0,0.0,none,6666
154,154,0.025,lbfgs,0.31347402597402596,0.5610954446895756,0.45794392523364486,0.6833333333333333,0.012308465209746294,0.023972602739726026,0.0,0.0,0.0,0.0,0.0,0.0,0.0,0.0,0.0,none,6666
155,155,0.025,lbfgs,0.5595779220779221,0.596758969194795,0.5768153980752406,0.5741269841269842,0.9257231114855378,0.7107589478223372,0.0,0.0,0.0,0.0,0.0,0.0,0.0,0.0,0.0,none,6666
156,156,0.025,lbfgs,0.2914285714285714,0.5458442009428643,0.4444444444444444,0.6992063492063492,0.004226096143687269,0.00837257980115123,0.0,0.0,0.0,0.0,0.0,0.0,0.0,0.0,0.0,none,6666
157,157,0.025,lbfgs,0.616439393939394,0.5852333113382819,0.6215780998389694,0.6194444444444445,0.9878438899552143,0.7630343464294539,0.0,0.0,0.0,0.0,0.0,0.0,0.0,0.0,0.0,none,6666
158,158,0.025,lbfgs,0.4556060606060606,0.5500321056084646,0.5777777777777777,0.555,0.08163265306122448,0.14305364511691884,0.0,0.0,0.0,0.0,0.0,0.0,0.0,0.0,0.0,none,6666
159,159,0.025,lbfgs,0.5925432900432901,0.5799472949810571,0.5941981747066493,0.5913492063492064,0.9773488808470714,0.7390665382861198,0.0,0.0,0.0,0.0,0.0,0.0,0.0,0.0,0.0,none,6666
162,162,0.025,lbfgs,0.2082792207792208,0.5831160933946062,0.5348837209302325,0.7954761904761904,0.008914728682170543,0.01753717117804041,0.0,0.0,0.0,0.0,0.0,0.0,0.0,0.0,0.0,none,6666
163,163,0.025,lbfgs,0.4165692640692641,0.6211652711462692,0.5989492119089317,0.6034126984126984,0.13095921883974726,0.21492537313432833,0.0,0.0,0.0,0.0,0.0,0.0,0.0,0.0,0.0,none,6666
164,164,0.025,lbfgs,0.15485930735930736,0.594166856723054,0.14285714285714285,0.8346825396825397,0.000964785335262904,0.0019166267369429804,0.0,0.0,0.0,0.0,0.0,0.0,0.0,0.0,0.0,none,6666
165,165,0.025,lbfgs,0.41932900432900433,0.6083374912647195,0.5835929387331257,0.5946825396825397,0.10668185269552012,0.18038838067725887,0.0,0.0,0.0,0.0,0.0,0.0,0.0,0.0,0.0,none,6666
166,166,0.025,lbfgs,0.1931168831168831,0.5747446144049395,0.47058823529411764,0.811984126984127,0.006759611322348965,0.013327780091628489,0.0,0.0,0.0,0.0,0.0,0.0,0.0,0.0,0.0,none,6666
167,167,0.025,lbfgs,0.3817857142857143,0.5809033846959513,0.5609065155807366,0.6357936507936508,0.042746113989637305,0.0794383149448345,0.0,0.0,0.0,0.0,0.0,0.0,0.0,0.0,0.0,none,6666
179,179,0.025,lbfgs,0.11663419913419913,0.5796995388963261,0.23809523809523808,0.8884126984126984,0.0035842293906810036,0.007062146892655367,0.0,0.0,0.0,0.0,0.0,0.0,0.0,0.0,0.0,none,6666
183,183,0.025,lbfgs,0.11591991341991342,0.6008327953371645,0.42857142857142855,0.8875396825396825,0.00211864406779661,0.004216444132115249,0.0,0.0,0.0,0.0,0.0,0.0,0.0,0.0,0.0,none,6666
197,197,0.025,lbfgs,0.25576839826839826,0.5694924822069998,0.5,0.7476190476190476,0.0006289308176100629,0.001256281407035176,0.0,0.0,0.0,0.0,0.0,0.0,0.0,0.0,0.0,none,6666
198,198,0.025,lbfgs,0.14147186147186147,0.5554521313925894,0.0,0.8613492063492063,0.0,0.0,0.0,0.0,0.0,0.0,0.0,0.0,0.0,0.0,0.0,none,6666
199,199,0.025,lbfgs,0.21335497835497835,0.5745827313078958,0.4375,0.8000793650793651,0.0027810885975367503,0.005527043031977892,0.0,0.0,0.0,0.0,0.0,0.0,0.0,0.0,0.0,none,6666
200,200,0.025,lbfgs,0.2998701298701299,0.5180841495223412,0.0,0.7087301587301588,0.0,0.0,0.0,0.0,0.0,0.0,0.0,0.0,0.0,0.0,0.0,none,6666
202,202,0.025,lbfgs,0.15874458874458874,0.5677662291440594,0.0,0.8383333333333334,0.0,0.0,0.0,0.0,0.0,0.0,0.0,0.0,0.0,0.0,0.0,none,6666
203,203,0.025,lbfgs,0.4213636363636364,0.5363910956717417,0.35294117647058826,0.5846825396825397,0.0022975301550832855,0.00456534144949591,0.0,0.0,0.0,0.0,0.0,0.0,0.0,0.0,0.0,none,6666
204,204,0.025,lbfgs,0.208008658008658,0.5428336181658607,0.3333333333333333,0.7899206349206349,0.0003779289493575208,0.0007550018875047187,0.0,0.0,0.0,0.0,0.0,0.0,0.0,0.0,0.0,none,6666
205,205,0.025,lbfgs,0.5339177489177489,0.5186133827794946,0.5357403059985428,0.536984126984127,0.9852612773559625,0.6940744625065548,0.0,0.0,0.0,0.0,0.0,0.0,0.0,0.0,0.0,none,6666
206,206,0.025,lbfgs,0.5376731601731601,0.5334972908998121,0.5431197177320095,0.541984126984127,0.9702433304016418,0.6964069651217845,0.0,0.0,0.0,0.0,0.0,0.0,0.0,0.0,0.0,none,6666
207,207,0.025,lbfgs,0.5711580086580087,0.5314928055785043,0.5642902609802674,0.5644444444444444,0.9983108108108109,0.7210248068320455,0.0,0.0,0.0,0.0,0.0,0.0,0.0,0.0,0.0,none,6666
208,208,0.025,lbfgs,0.16906926406926406,0.5392191240786578,0.0,0.8406349206349206,0.0,0.0,0.0,0.0,0.0,0.0,0.0,0.0,0.0,0.0,0.0,none,6666
210,210,0.025,lbfgs,0.15567099567099568,0.5617368281198187,0.0,0.8395238095238096,0.0,0.0,0.0,0.0,0.0,0.0,0.0,0.0,0.0,0.0,0.0,none,6666
211,211,0.025,lbfgs,0.31413419913419915,0.5194455044655254,0.2727272727272727,0.6972222222222222,0.0007874015748031496,0.0015702695629416382,0.0,0.0,0.0,0.0,0.0,0.0,0.0,0.0,0.0,none,6666
212,212,0.025,lbfgs,0.22491341991341993,0.5638313630229419,0.2727272727272727,0.7734126984126984,0.0010526315789473684,0.002097168822090178,0.0,0.0,0.0,0.0,0.0,0.0,0.0,0.0,0.0,none,6666
213,213,0.025,lbfgs,0.4170995670995671,0.5389081729268602,0.5355805243445693,0.5946031746031746,0.0278915545153111,0.053021876158694844,0.0,0.0,0.0,0.0,0.0,0.0,0.0,0.0,0.0,none,6666
214,214,0.025,lbfgs,0.32145021645021643,0.5428806769403196,0.3404255319148936,0.6780952380952381,0.003959415986142044,0.007827788649706457,0.0,0.0,0.0,0.0,0.0,0.0,0.0,0.0,0.0,none,6666
215,215,0.025,lbfgs,0.4372835497835498,0.5235603291124531,0.55,0.5788888888888889,0.028871391076115485,0.05486284289276808,0.0,0.0,0.0,0.0,0.0,0.0,0.0,0.0,0.0,none,6666
231,231,0.025,lbfgs,0.10638528138528139,0.6014838681989845,0.0,0.9007142857142857,0.0,0.0,0.0,0.0,0.0,0.0,0.0,0.0,0.0,0.0,0.0,none,6666
244,244,0.025,lbfgs,0.4187012987012987,0.5481334344844094,0.5673758865248227,0.5756349206349206,0.029712163416898793,0.056467266631374635,0.0,0.0,0.0,0.0,0.0,0.0,0.0,0.0,0.0,none,6666
245,245,0.025,lbfgs,0.5473376623376623,0.5665341301598055,0.5608233507676733,0.5584920634920635,0.9490364025695931,0.7050214751577496,0.0,0.0,0.0,0.0,0.0,0.0,0.0,0.0,0.0,none,6666
246,246,0.025,lbfgs,0.49967532467532466,0.5537465563134797,0.5743041749502982,0.5424603174603174,0.3631934622033632,0.44497930104938865,0.0,0.0,0.0,0.0,0.0,0.0,0.0,0.0,0.0,none,6666
247,247,0.025,lbfgs,0.45111471861471863,0.5649617877217848,0.5358606557377049,0.5515079365079365,0.09141758433840237,0.15618933850978048,0.0,0.0,0.0,0.0,0.0,0.0,0.0,0.0,0.0,none,6666
250,250,0.025,lbfgs,0.18319264069264068,0.5667738588892275,0.14285714285714285,0.8103174603174603,0.0004192872117400419,0.0008361204013377926,0.0,0.0,0.0,0.0,0.0,0.0,0.0,0.0,0.0,none,6666
251,251,0.025,lbfgs,0.49444805194805197,0.5913501964421326,0.5991501416430595,0.5711904761904761,0.40653531955790484,0.48439736616089324,0.0,0.0,0.0,0.0,0.0,0.0,0.0,0.0,0.0,none,6666
252,252,0.025,lbfgs,0.15472943722943722,0.5792196824311112,0.2727272727272727,0.8417460317460318,0.0015082956259426848,0.003,0.0,0.0,0.0,0.0,0.0,0.0,0.0,0.0,0.0,none,6666
253,253,0.025,lbfgs,0.4188636363636364,0.5924736108366023,0.5936768149882904,0.5896031746031746,0.09510410804727068,0.1639450282942603,0.0,0.0,0.0,0.0,0.0,0.0,0.0,0.0,0.0,none,6666
254,254,0.025,lbfgs,0.2675324675324675,0.5813616428720941,0.5394736842105263,0.731904761904762,0.012115839243498818,0.02369942196531792,0.0,0.0,0.0,0.0,0.0,0.0,0.0,0.0,0.0,none,6666
255,255,0.025,lbfgs,0.47243506493506493,0.5771746069633645,0.6033168982519049,0.5615873015873016,0.22489557226399332,0.3276533592989289,0.0,0.0,0.0,0.0,0.0,0.0,0.0,0.0,0.0,none,6666
267,267,0.025,lbfgs,0.12598484848484848,0.6163768418175287,0.6666666666666666,0.8751587301587301,0.010120177103099304,0.019937694704049845,0.0,0.0,0.0,0.0,0.0,0.0,0.0,0.0,0.0,none,6666
270,270,0.025,lbfgs,0.1328896103896104,0.6106768876025032,0.6666666666666666,0.8736507936507937,0.005012531328320802,0.009950248756218905,0.0,0.0,0.0,0.0,0.0,0.0,0.0,0.0,0.0,none,6666
271,271,0.025,lbfgs,0.1307900432900433,0.6095569758604564,0.5,0.871904761904762,0.006815365551425031,0.013447432762836185,0.0,0.0,0.0,0.0,0.0,0.0,0.0,0.0,0.0,none,6666
285,285,0.025,lbfgs,0.2741233766233766,0.614244278676638,0.5,0.7266666666666667,0.03077816492450639,0.05798687089715537,0.0,0.0,0.0,0.0,0.0,0.0,0.0,0.0,0.0,none,6666
287,287,0.025,lbfgs,0.21329004329004328,0.6043682203625249,0.5348837209302325,0.7919047619047619,0.01750380517503805,0.03389830508474576,0.0,0.0,0.0,0.0,0.0,0.0,0.0,0.0,0.0,none,6666
366,366,0.025,lbfgs,0.13056277056277057,0.5832201052391678,0.3103448275862069,0.8722222222222222,0.005628517823639775,0.011056511056511056,0.0,0.0,0.0,0.0,0.0,0.0,0.0,0.0,0.0,none,6666
370,370,0.025,lbfgs,0.1792099567099567,0.5613674082634634,0.1935483870967742,0.8301587301587302,0.002828854314002829,0.005576208178438662,0.0,0.0,0.0,0.0,0.0,0.0,0.0,0.0,0.0,none,6666
371,371,0.025,lbfgs,0.12601731601731603,0.5671172974176699,0.25,0.8796031746031746,0.0026507620941020544,0.005245901639344263,0.0,0.0,0.0,0.0,0.0,0.0,0.0,0.0,0.0,none,6666
372,372,0.025,lbfgs,0.12654761904761905,0.5887636208001448,0.3333333333333333,0.8715873015873016,0.0006184291898577613,0.001234567901234568,0.0,0.0,0.0,0.0,0.0,0.0,0.0,0.0,0.0,none,6666
374,374,0.025,lbfgs,0.37014069264069266,0.5778259197433884,0.5307262569832403,0.6398412698412699,0.041666666666666664,0.07726718178121188,0.0,0.0,0.0,0.0,0.0,0.0,0.0,0.0,0.0,none,6666
375,375,0.025,lbfgs,0.2388095238095238,0.5676526222161142,0.48717948717948717,0.7799206349206349,0.006854256854256854,0.01351832088224831,0.0,0.0,0.0,0.0,0.0,0.0,0.0,0.0,0.0,none,6666
378,378,0.025,lbfgs,0.14542207792207792,0.5964176434999309,0.10526315789473684,0.856904761904762,0.0011185682326621924,0.002213613724405091,0.0,0.0,0.0,0.0,0.0,0.0,0.0,0.0,0.0,none,6666
379,379,0.025,lbfgs,0.1359199134199134,0.5839731257033086,0.375,0.8587301587301587,0.0033783783783783786,0.006696428571428571,0.0,0.0,0.0,0.0,0.0,0.0,0.0,0.0,0.0,none,6666
382,382,0.025,lbfgs,0.32716450216450216,0.5759457314507235,0.5654761904761905,0.670079365079365,0.02273271117492223,0.04370830457786979,0.0,0.0,0.0,0.0,0.0,0.0,0.0,0.0,0.0,none,6666
383,383,0.025,lbfgs,0.12864718614718615,0.6003258492395673,0.2608695652173913,0.8712698412698413,0.0037243947858473,0.007343941248470012,0.0,0.0,0.0,0.0,0.0,0.0,0.0,0.0,0.0,none,6666
387,387,0.025,lbfgs,0.1054978354978355,0.6062243691295504,0.2631578947368421,0.8980952380952381,0.00392156862745098,0.0077279752704791345,0.0,0.0,0.0,0.0,0.0,0.0,0.0,0.0,0.0,none,6666
390,390,0.025,lbfgs,0.14075757575757575,0.6040725107036082,0.43243243243243246,0.8586507936507937,0.009009009009009009,0.01765030336458908,0.0,0.0,0.0,0.0,0.0,0.0,0.0,0.0,0.0,none,6666
417,417,0.025,lbfgs,0.10218614718614719,0.5469778610736864,0.0,0.8993650793650794,0.0,0.0,0.0,0.0,0.0,0.0,0.0,0.0,0.0,0.0,0.0,none,6666
421,421,0.025,lbfgs,0.2524891774891775,0.5511159150079785,0.6458333333333334,0.7511111111111111,0.009841269841269842,0.01938711694809256,0.0,0.0,0.0,0.0,0.0,0.0,0.0,0.0,0.0,none,6666
422,422,0.025,lbfgs,0.12722943722943722,0.557402437178689,0.0,0.8802380952380953,0.0,0.0,0.0,0.0,0.0,0.0,0.0,0.0,0.0,0.0,0.0,none,6666
423,423,0.025,lbfgs,0.19156926406926406,0.5487374543357332,0.0,0.8181746031746032,0.0,0.0,0.0,0.0,0.0,0.0,0.0,0.0,0.0,0.0,0.0,none,6666
425,425,0.025,lbfgs,0.1987121212121212,0.5501198996224825,0.21739130434782608,0.8077777777777778,0.0020755500207555004,0.0041118421052631585,0.0,0.0,0.0,0.0,0.0,0.0,0.0,0.0,0.0,none,6666
426,426,0.025,lbfgs,0.19446969696969696,0.5574910626924201,0.125,0.8021428571428572,0.0004020908725371934,0.0008016032064128255,0.0,0.0,0.0,0.0,0.0,0.0,0.0,0.0,0.0,none,6666
427,427,0.025,lbfgs,0.3776948051948052,0.5767866967868128,0.5261707988980716,0.626031746031746,0.040372014373282604,0.07499018453082057,0.0,0.0,0.0,0.0,0.0,0.0,0.0,0.0,0.0,none,6666
428,428,0.025,lbfgs,0.23437229437229437,0.5198409667402616,0.5,0.768095238095238,0.0006844626967830253,0.001367053998632946,0.0,0.0,0.0,0.0,0.0,0.0,0.0,0.0,0.0,none,6666
429,429,0.025,lbfgs,0.32227272727272727,0.5450229442302152,0.6228070175438597,0.6803174603174603,0.017504930966469427,0.03405275779376499,0.0,0.0,0.0,0.0,0.0,0.0,0.0,0.0,0.0,none,6666
430,430,0.025,lbfgs,0.4584415584415584,0.5547584748781024,0.5874213836477987,0.5476984126984127,0.07999314833847208,0.14081109603497666,0.0,0.0,0.0,0.0,0.0,0.0,0.0,0.0,0.0,none,6666
431,431,0.025,lbfgs,0.3945238095238095,0.5422278379800387,0.55,0.6226190476190476,0.034482758620689655,0.06489675516224189,0.0,0.0,0.0,0.0,0.0,0.0,0.0,0.0,0.0,none,6666
433,433,0.025,lbfgs,0.15084415584415584,0.5532820683762649,0.375,0.8557936507936508,0.001652892561983471,0.003291278113000548,0.0,0.0,0.0,0.0,0.0,0.0,0.0,0.0,0.0,none,6666
434,434,0.025,lbfgs,0.11708874458874459,0.5893112752478288,0.3333333333333333,0.8784920634920635,0.00065359477124183,0.001304631441617743,0.0,0.0,0.0,0.0,0.0,0.0,0.0,0.0,0.0,none,6666
435,435,0.025,lbfgs,0.2848917748917749,0.5910660964288451,0.5178571428571429,0.7221428571428572,0.02480752780153978,0.0473469387755102,0.0,0.0,0.0,0.0,0.0,0.0,0.0,0.0,0.0,none,6666
437,437,0.025,lbfgs,0.13232683982683982,0.5654799810349653,0.3,0.8734920634920635,0.0018867924528301887,0.0037500000000000003,0.0,0.0,0.0,0.0,0.0,0.0,0.0,0.0,0.0,none,6666
438,438,0.025,lbfgs,0.25886363636363635,0.5820469962210738,0.46226415094339623,0.746984126984127,0.015408805031446541,0.02982349360925137,0.0,0.0,0.0,0.0,0.0,0.0,0.0,0.0,0.0,none,6666
439,439,0.025,lbfgs,0.24991341991341992,0.5669838324725127,0.625,0.7715873015873016,0.012102351313969572,0.0237449118046133,0.0,0.0,0.0,0.0,0.0,0.0,0.0,0.0,0.0,none,6666
464,464,0.025,lbfgs,0.15443722943722943,0.5623052463351758,0.38461538461538464,0.8376190476190476,0.0024473813020068525,0.0048638132295719845,0.0,0.0,0.0,0.0,0.0,0.0,0.0,0.0,0.0,none,6666
465,465,0.025,lbfgs,0.11273809523809523,0.5758458145162827,0.0,0.8861111111111111,0.0,0.0,0.0,0.0,0.0,0.0,0.0,0.0,0.0,0.0,0.0,none,6666
468,468,0.025,lbfgs,0.15405844155844156,0.6095960136707166,0.3333333333333333,0.8408730158730159,0.0035035035035035035,0.006934125804853889,0.0,0.0,0.0,0.0,0.0,0.0,0.0,0.0,0.0,none,6666
469,469,0.025,lbfgs,0.33345238095238094,0.5729567812660045,0.5567567567567567,0.659047619047619,0.023859161454713923,0.04575744113727233,0.0,0.0,0.0,0.0,0.0,0.0,0.0,0.0,0.0,none,6666
470,470,0.025,lbfgs,0.38576839826839826,0.5634022551490834,0.582010582010582,0.6111111111111112,0.04433696090286175,0.08239700374531835,0.0,0.0,0.0,0.0,0.0,0.0,0.0,0.0,0.0,none,6666
471,471,0.025,lbfgs,0.19804112554112555,0.5904397552755515,0.3793103448275862,0.7991269841269841,0.00874056416368693,0.0170873786407767,0.0,0.0,0.0,0.0,0.0,0.0,0.0,0.0,0.0,none,6666
473,473,0.025,lbfgs,0.12345238095238095,0.5923704011616892,0.25,0.8794444444444445,0.0033134526176275677,0.006540222367560497,0.0,0.0,0.0,0.0,0.0,0.0,0.0,0.0,0.0,none,6666
475,475,0.025,lbfgs,0.25557359307359306,0.595014669225509,0.5203252032520326,0.7396825396825397,0.019482496194824964,0.03755868544600939,0.0,0.0,0.0,0.0,0.0,0.0,0.0,0.0,0.0,none,6666
477,477,0.025,lbfgs,0.14044372294372295,0.5893965724528384,0.4444444444444444,0.8541269841269842,0.004357298474945534,0.008629989212513485,0.0,0.0,0.0,0.0,0.0,0.0,0.0,0.0,0.0,none,6666
478,478,0.025,lbfgs,0.18984848484848485,0.5839796703053289,0.48717948717948717,0.8123015873015873,0.008037225042301184,0.015813566375364126,0.0,0.0,0.0,0.0,0.0,0.0,0.0,0.0,0.0,none,6666
479,479,0.025,lbfgs,0.14154761904761906,0.613731630703263,0.3448275862068966,0.8645238095238095,0.005889281507656066,0.011580775911986104,0.0,0.0,0.0,0.0,0.0,0.0,0.0,0.0,0.0,none,6666
509,509,0.025,lbfgs,0.10512987012987013,0.626979654732214,0.22727272727272727,0.8938095238095238,0.003770739064856712,0.00741839762611276,0.0,0.0,0.0,0.0,0.0,0.0,0.0,0.0,0.0,none,6666
595,595,0.025,lbfgs,0.1333008658008658,0.5665551282916189,0.0,0.8714285714285714,0.0,0.0,0.0,0.0,0.0,0.0,0.0,0.0,0.0,0.0,0.0,none,6666
598,598,0.025,lbfgs,0.28455627705627706,0.5705796618945844,0.5087719298245614,0.7136507936507936,0.008035466888334718,0.015821058374249863,0.0,0.0,0.0,0.0,0.0,0.0,0.0,0.0,0.0,none,6666
599,599,0.025,lbfgs,0.21833333333333332,0.5646621373426403,0.4482758620689655,0.7871428571428571,0.0048525569242254575,0.009601181683899557,0.0,0.0,0.0,0.0,0.0,0.0,0.0,0.0,0.0,none,6666
603,603,0.025,lbfgs,0.10457792207792208,0.5388937938590938,0.0,0.9042063492063492,0.0,0.0,0.0,0.0,0.0,0.0,0.0,0.0,0.0,0.0,0.0,none,6666
606,606,0.025,lbfgs,0.18892857142857142,0.5514738152236144,0.24,0.813015873015873,0.002560819462227913,0.005067567567567568,0.0,0.0,0.0,0.0,0.0,0.0,0.0,0.0,0.0,none,6666
607,607,0.025,lbfgs,0.16446969696969696,0.5365378472901761,0.0,0.8377777777777777,0.0,0.0,0.0,0.0,0.0,0.0,0.0,0.0,0.0,0.0,0.0,none,6666
633,633,0.025,lbfgs,0.10018398268398268,0.565059183682385,1.0,0.8972222222222223,0.0007716049382716049,0.0015420200462606013,0.0,0.0,0.0,0.0,0.0,0.0,0.0,0.0,0.0,none,6666
636,636,0.025,lbfgs,0.3317207792207792,0.5257620502012154,0.35555555555555557,0.6661111111111111,0.003814973772055317,0.007548950224109459,0.0,0.0,0.0,0.0,0.0,0.0,0.0,0.0,0.0,none,6666
637,637,0.025,lbfgs,0.42903679653679655,0.5442780973957211,0.5415549597855228,0.5693650793650794,0.037016675829210186,0.0692967409948542,0.0,0.0,0.0,0.0,0.0,0.0,0.0,0.0,0.0,none,6666
638,638,0.025,lbfgs,0.36948051948051946,0.5527996594670604,0.5277777777777778,0.6366666666666667,0.02483660130718954,0.04744069912609238,0.0,0.0,0.0,0.0,0.0,0.0,0.0,0.0,0.0,none,6666
639,639,0.025,lbfgs,0.2956060606060606,0.5555659776806943,0.38235294117647056,0.7133333333333334,0.010869565217391304,0.02113821138211382,0.0,0.0,0.0,0.0,0.0,0.0,0.0,0.0,0.0,none,6666
641,641,0.025,lbfgs,0.12714285714285714,0.582742786250697,0.2,0.8721428571428571,0.0006218905472636816,0.001239925604463732,0.0,0.0,0.0,0.0,0.0,0.0,0.0,0.0,0.0,none,6666
642,642,0.025,lbfgs,0.1448051948051948,0.5201668264913162,0.0,0.8546825396825397,0.0,0.0,0.0,0.0,0.0,0.0,0.0,0.0,0.0,0.0,0.0,none,6666
643,643,0.025,lbfgs,0.34989177489177486,0.569490610267102,0.6622516556291391,0.6529365079365079,0.022614201718679332,0.04373496610540127,0.0,0.0,0.0,0.0,0.0,0.0,0.0,0.0,0.0,none,6666
645,645,0.025,lbfgs,0.2481926406926407,0.5845939822301214,0.4430379746835443,0.7507142857142857,0.011174968071519796,0.021800062285892246,0.0,0.0,0.0,0.0,0.0,0.0,0.0,0.0,0.0,none,6666
646,646,0.025,lbfgs,0.1924025974025974,0.5642139266565336,0.5185185185185185,0.8034126984126985,0.005649717514124294,0.011177644710578844,0.0,0.0,0.0,0.0,0.0,0.0,0.0,0.0,0.0,none,6666
647,647,0.025,lbfgs,0.30682900432900434,0.5519395759478412,0.5231788079470199,0.7012698412698413,0.020949350304958897,0.040285568587455384,0.0,0.0,0.0,0.0,0.0,0.0,0.0,0.0,0.0,none,6666
677,677,0.025,lbfgs,0.1757142857142857,0.6127821194321028,0.40384615384615385,0.8303968253968254,0.009873060648801129,0.0192748967416246,0.0,0.0,0.0,0.0,0.0,0.0,0.0,0.0,0.0,none,6666
679,679,0.025,lbfgs,0.13717532467532467,0.5945344144529472,0.46153846153846156,0.8707936507936508,0.007380073800738007,0.014527845036319612,0.0,0.0,0.0,0.0,0.0,0.0,0.0,0.0,0.0,none,6666
752,752,0.025,lbfgs,0.16474025974025974,0.5893853669036284,0.30303030303030304,0.8306349206349206,0.004714757190004715,0.009285051067780874,0.0,0.0,0.0,0.0,0.0,0.0,0.0,0.0,0.0,none,6666
756,756,0.025,lbfgs,0.1547077922077922,0.607862720294337,0.4358974358974359,0.841031746031746,0.00850850850850851,0.01669121256750123,0.0,0.0,0.0,0.0,0.0,0.0,0.0,0.0,0.0,none,6666
758,758,0.025,lbfgs,0.34885281385281386,0.5694775166660533,0.5689655172413793,0.6456349206349207,0.02935290193462308,0.05582575597377881,0.0,0.0,0.0,0.0,0.0,0.0,0.0,0.0,0.0,none,6666
759,759,0.025,lbfgs,0.12076839826839827,0.5985943944675639,0.15789473684210525,0.8742063492063492,0.0019083969465648854,0.003771213073538655,0.0,0.0,0.0,0.0,0.0,0.0,0.0,0.0,0.0,none,6666
763,763,0.025,lbfgs,0.2761904761904762,0.590449380184176,0.5112359550561798,0.7124603174603175,0.025089605734767026,0.047831800262812085,0.0,0.0,0.0,0.0,0.0,0.0,0.0,0.0,0.0,none,6666
766,766,0.025,lbfgs,0.18633116883116882,0.5953980994082715,0.35294117647058826,0.8106349206349206,0.005050505050505051,0.009958506224066391,0.0,0.0,0.0,0.0,0.0,0.0,0.0,0.0,0.0,none,6666
767,767,0.025,lbfgs,0.14387445887445888,0.609879774027392,0.30303030303030304,0.8551587301587301,0.005518763796909493,0.010840108401084013,0.0,0.0,0.0,0.0,0.0,0.0,0.0,0.0,0.0,none,6666
797,797,0.025,lbfgs,0.12771645021645023,0.6203026541676159,0.3448275862068966,0.8661904761904762,0.005963029218843173,0.01172332942555686,0.0,0.0,0.0,0.0,0.0,0.0,0.0,0.0,0.0,none,6666
